{
  "overall_metrics": {
    "accuracy": 0.407541008650486,
    "precision_macro": 0.15224931357206697,
    "recall_macro": 0.18475328548546202,
    "f1_macro": 0.1209290754160243,
    "precision_weighted": 0.3082098562790406,
    "recall_weighted": 0.407541008650486,
    "f1_weighted": 0.29811315252077014
  },
  "per_class_metrics": {
    "Backdoor_Malware": {
      "class_id": 0,
      "precision": 0.0,
      "recall": 0.0,
      "f1_score": 0.0,
      "support": 38
    },
    "BenignTraffic": {
      "class_id": 1,
      "precision": 0.020121665886757137,
      "recall": 0.0034761519805982214,
      "f1_score": 0.00592817260632798,
      "support": 12370
    },
    "BrowserHijacking": {
      "class_id": 2,
      "precision": 0.0,
      "recall": 0.0,
      "f1_score": 0.0,
      "support": 64
    },
    "CommandInjection": {
      "class_id": 3,
      "precision": 0.0,
      "recall": 0.0,
      "f1_score": 0.0,
      "support": 56
    },
    "DDoS-ACK_Fragmentation": {
      "class_id": 4,
      "precision": 1.0,
      "recall": 0.1634375,
      "f1_score": 0.2809562181036798,
      "support": 3200
    },
    "DDoS-HTTP_Flood": {
      "class_id": 5,
      "precision": 0.30414746543778803,
      "recall": 0.825,
      "f1_score": 0.4444444444444444,
      "support": 320
    },
    "DDoS-ICMP_Flood": {
      "class_id": 6,
      "precision": 0.4519924694069658,
      "recall": 0.9988731906041431,
      "f1_score": 0.6223638376583047,
      "support": 80759
    },
    "DDoS-ICMP_Fragmentation": {
      "class_id": 7,
      "precision": 0.058823529411764705,
      "recall": 0.006716712761754247,
      "f1_score": 0.012056737588652482,
      "support": 5062
    },
    "DDoS-PSHACK_Flood": {
      "class_id": 8,
      "precision": 0.9997347186912788,
      "recall": 0.9825746876697447,
      "f1_score": 0.991080429541968,
      "support": 46025
    },
    "DDoS-RSTFINFlood": {
      "class_id": 9,
      "precision": 0.6242074212934885,
      "recall": 0.9988970993713466,
      "f1_score": 0.7683041659950969,
      "support": 45335
    },
    "DDoS-SYN_Flood": {
      "class_id": 10,
      "precision": 0.0636241610738255,
      "recall": 0.01040409139796747,
      "f1_score": 0.01788375558867362,
      "support": 45559
    },
    "DDoS-SlowLoris": {
      "class_id": 11,
      "precision": 0.43859649122807015,
      "recall": 0.09578544061302682,
      "f1_score": 0.15723270440251572,
      "support": 261
    },
    "DDoS-SynonymousIP_Flood": {
      "class_id": 12,
      "precision": 0.9622302158273381,
      "recall": 0.2260245035910435,
      "f1_score": 0.366062264796442,
      "support": 40239
    },
    "DDoS-TCP_Flood": {
      "class_id": 13,
      "precision": 0.0,
      "recall": 0.0,
      "f1_score": 0.0,
      "support": 50628
    },
    "DDoS-UDP_Flood": {
      "class_id": 14,
      "precision": 0.0,
      "recall": 0.0,
      "f1_score": 0.0,
      "support": 60701
    },
    "DDoS-UDP_Fragmentation": {
      "class_id": 15,
      "precision": 0.0,
      "recall": 0.0,
      "f1_score": 0.0,
      "support": 3238
    },
    "DNS_Spoofing": {
      "class_id": 16,
      "precision": 0.09171116786626422,
      "recall": 0.9738658777120316,
      "f1_score": 0.16763570003819547,
      "support": 2028
    },
    "DictionaryBruteForce": {
      "class_id": 17,
      "precision": 0.0,
      "recall": 0.0,
      "f1_score": 0.0,
      "support": 146
    },
    "DoS-HTTP_Flood": {
      "class_id": 18,
      "precision": 0.0,
      "recall": 0.0,
      "f1_score": 0.0,
      "support": 815
    },
    "DoS-SYN_Flood": {
      "class_id": 19,
      "precision": 0.0,
      "recall": 0.0,
      "f1_score": 0.0,
      "support": 22566
    },
    "DoS-TCP_Flood": {
      "class_id": 20,
      "precision": 0.16128735532673566,
      "recall": 0.996556450804052,
      "f1_score": 0.2776401333805257,
      "support": 29911
    },
    "DoS-UDP_Flood": {
      "class_id": 21,
      "precision": 0.0,
      "recall": 0.0,
      "f1_score": 0.0,
      "support": 37321
    },
    "MITM-ArpSpoofing": {
      "class_id": 22,
      "precision": 0.0,
      "recall": 0.0,
      "f1_score": 0.0,
      "support": 3452
    },
    "Mirai-greeth_flood": {
      "class_id": 23,
      "precision": 0.0,
      "recall": 0.0,
      "f1_score": 0.0,
      "support": 11037
    },
    "Mirai-greip_flood": {
      "class_id": 24,
      "precision": 0.0,
      "recall": 0.0,
      "f1_score": 0.0,
      "support": 8429
    },
    "Mirai-udpplain": {
      "class_id": 25,
      "precision": 0.0,
      "recall": 0.0,
      "f1_score": 0.0,
      "support": 10013
    },
    "Recon-HostDiscovery": {
      "class_id": 26,
      "precision": 0.0,
      "recall": 0.0,
      "f1_score": 0.0,
      "support": 1498
    },
    "Recon-OSScan": {
      "class_id": 27,
      "precision": 0.0,
      "recall": 0.0,
      "f1_score": 0.0,
      "support": 1124
    },
    "Recon-PingSweep": {
      "class_id": 28,
      "precision": 0.0,
      "recall": 0.0,
      "f1_score": 0.0,
      "support": 22
    },
    "Recon-PortScan": {
      "class_id": 29,
      "precision": 0.0,
      "recall": 0.0,
      "f1_score": 0.0,
      "support": 923
    },
    "SqlInjection": {
      "class_id": 30,
      "precision": 0.0,
      "recall": 0.0,
      "f1_score": 0.0,
      "support": 57
    },
    "Uploading_Attack": {
      "class_id": 31,
      "precision": 0.0,
      "recall": 0.0,
      "f1_score": 0.0,
      "support": 16
    },
    "VulnerabilityScan": {
      "class_id": 32,
      "precision": 0.0,
      "recall": 0.0,
      "f1_score": 0.0,
      "support": 418
    },
    "XSS": {
      "class_id": 33,
      "precision": 0.0,
      "recall": 0.0,
      "f1_score": 0.0,
      "support": 39
    }
  },
  "summary": {
    "total_test_samples": 523670,
    "num_classes": 34,
    "classes_above_f1_threshold": 1,
    "classes_below_f1_threshold": 33,
    "target_accuracy_met": false,
    "all_classes_above_threshold": false
  },